"location","date","total_cases","total_deaths","population","total_cases_per_population"
"Morocco","2020-02-07",NULL,NULL,"36910558",NULL
"Morocco","2020-02-08",NULL,NULL,"36910558",NULL
"Morocco","2020-02-09",NULL,NULL,"36910558",NULL
"Morocco","2020-02-10",NULL,NULL,"36910558",NULL
"Morocco","2020-02-11",NULL,NULL,"36910558",NULL
"Morocco","2020-02-12",NULL,NULL,"36910558",NULL
"Morocco","2020-02-13",NULL,NULL,"36910558",NULL
"Morocco","2020-02-14",NULL,NULL,"36910558",NULL
"Morocco","2020-02-15",NULL,NULL,"36910558",NULL
"Morocco","2020-02-16",NULL,NULL,"36910558",NULL
"Morocco","2020-02-17",NULL,NULL,"36910558",NULL
"Morocco","2020-02-18",NULL,NULL,"36910558",NULL
"Morocco","2020-02-19",NULL,NULL,"36910558",NULL
"Morocco","2020-02-20",NULL,NULL,"36910558",NULL
"Morocco","2020-02-21",NULL,NULL,"36910558",NULL
"Morocco","2020-02-22",NULL,NULL,"36910558",NULL
"Morocco","2020-02-23",NULL,NULL,"36910558",NULL
"Morocco","2020-02-24",NULL,NULL,"36910558",NULL
"Morocco","2020-02-25",NULL,NULL,"36910558",NULL
"Morocco","2020-02-26",NULL,NULL,"36910558",NULL
"Morocco","2020-02-27",NULL,NULL,"36910558",NULL
"Morocco","2020-02-28",NULL,NULL,"36910558",NULL
"Morocco","2020-02-29",NULL,NULL,"36910558",NULL
"Morocco","2020-03-01",NULL,NULL,"36910558",NULL
"Morocco","2020-03-02","1",NULL,"36910558","0.000002709251916484166900"
"Morocco","2020-03-03","1",NULL,"36910558","0.000002709251916484166900"
"Morocco","2020-03-04","1",NULL,"36910558","0.000002709251916484166900"
"Morocco","2020-03-05","2",NULL,"36910558","0.000005418503832968333900"
"Morocco","2020-03-06","2",NULL,"36910558","0.000005418503832968333900"
"Morocco","2020-03-07","2",NULL,"36910558","0.000005418503832968333900"
"Morocco","2020-03-08","2",NULL,"36910558","0.000005418503832968333900"
"Morocco","2020-03-09","2",NULL,"36910558","0.000005418503832968333900"
"Morocco","2020-03-10","3","1","36910558","0.000008127755749452500800"
"Morocco","2020-03-11","5","1","36910558","0.000013546259582420834700"
"Morocco","2020-03-12","6","1","36910558","0.000016255511498905001700"
"Morocco","2020-03-13","7","1","36910558","0.000018964763415389168600"
"Morocco","2020-03-14","17","1","36910558","0.000046057282580230838000"
"Morocco","2020-03-15","28","1","36910558","0.000075859053661556674400"
"Morocco","2020-03-16","29","1","36910558","0.000078568305578040841300"
"Morocco","2020-03-17","38","2","36910558","0.000102951572826398343800"
"Morocco","2020-03-18","49","2","36910558","0.000132753343907724180200"
"Morocco","2020-03-19","63","2","36910558","0.000170682870738502517400"
"Morocco","2020-03-20","77","3","36910558","0.000208612397569280854500"
"Morocco","2020-03-21","96","3","36910558","0.000260088183982480026400"
"Morocco","2020-03-22","115","4","36910558","0.000311563970395679198300"
"Morocco","2020-03-23","143","4","36910558","0.000387423024057235872700"
"Morocco","2020-03-24","170","5","36910558","0.000460572825802308380200"
"Morocco","2020-03-25","225","6","36910558","0.000609581681208937562000"
"Morocco","2020-03-26","275","11","36910558","0.000745044277033145909100"
"Morocco","2020-03-27","345","23","36910558","0.000934691911187037595000"
"Morocco","2020-03-28","402","25","36910558","0.001089119270426635110700"
"Morocco","2020-03-29","479","26","36910558","0.001297731667995915965300"
"Morocco","2020-03-30","556","33","36910558","0.001506344065565196819800"
"Morocco","2020-03-31","617","36","36910558","0.001671608432470731003300"
"Morocco","2020-04-01","654","39","36910558","0.001771850753380645180200"
"Morocco","2020-04-02","708","44","36910558","0.001918150356870790195000"
"Morocco","2020-04-03","791","48","36910558","0.002143018265938976051200"
"Morocco","2020-04-04","919","59","36910558","0.002489802511248949419800"
"Morocco","2020-04-05","1021","70","36910558","0.002766146206730334447900"
"Morocco","2020-04-06","1120","80","36910558","0.003034362146462266975200"
"Morocco","2020-04-07","1184","90","36910558","0.003207754269117253659500"
"Morocco","2020-04-08","1275","93","36910558","0.003454296193517312851200"
"Morocco","2020-04-09","1374","97","36910558","0.003722512133249245378500"
"Morocco","2020-04-10","1448","107","36910558","0.003922996775069073732200"
"Morocco","2020-04-11","1545","111","36910558","0.004185794210968037925600"
"Morocco","2020-04-12","1661","118","36910558","0.004500067433280201290900"
"Morocco","2020-04-13","1763","126","36910558","0.004776411128761586319000"
"Morocco","2020-04-14","1888","126","36910558","0.005115067618322107186800"
"Morocco","2020-04-15","2024","127","36910558","0.005483525878963953890900"
"Morocco","2020-04-16","2283","130","36910558","0.006185222125333353128900"
"Morocco","2020-04-17","2564","135","36910558","0.006946521913865404039700"
"Morocco","2020-04-18","2685","137","36910558","0.007274341395759988239700"
"Morocco","2020-04-19","2855","141","36910558","0.007734914221562296619800"
"Morocco","2020-04-20","3046","143","36910558","0.008252381337610772505800"
"Morocco","2020-04-21","3209","145","36910558","0.008693989399997691717400"
"Morocco","2020-04-22","3446","149","36910558","0.009336082104204439282700"
"Morocco","2020-04-23","3568","155","36910558","0.009666610838015507649600"
"Morocco","2020-04-24","3758","158","36910558","0.01018136870214749900"
"Morocco","2020-04-25","3897","159","36910558","0.01055795471853879900"
"Morocco","2020-04-26","4065","161","36910558","0.01101310904050813900"
"Morocco","2020-04-27","4120","162","36910558","0.01116211789591476800"
"Morocco","2020-04-28","4252","165","36910558","0.01151973914889067800"
"Morocco","2020-04-29","4321","168","36910558","0.01170667753112808500"
"Morocco","2020-04-30","4423","170","36910558","0.01198302122660947000"
"Morocco","2020-05-01","4569","171","36910558","0.01237857200641615900"
"Morocco","2020-05-02","4729","173","36910558","0.01281205231305362500"
"Morocco","2020-05-03","4903","174","36910558","0.01328346214652187100"
"Morocco","2020-05-04","5053","179","36910558","0.01368984993399449600"
"Morocco","2020-05-05","5219","181","36910558","0.01413958575213086700"
"Morocco","2020-05-06","5408","183","36910558","0.01465163436434637500"
"Morocco","2020-05-07","5548","183","36910558","0.01503092963265415800"
"Morocco","2020-05-08","5711","186","36910558","0.01547253769504107700"
"Morocco","2020-05-09","5910","186","36910558","0.01601167882642142700"
"Morocco","2020-05-10","6063","188","36910558","0.01642619436964350400"
"Morocco","2020-05-11","6281","188","36910558","0.01701681128743705300"
"Morocco","2020-05-12","6418","188","36910558","0.01738797879999538300"
"Morocco","2020-05-13","6512","188","36910558","0.01764264848014489500"
"Morocco","2020-05-14","6607","190","36910558","0.01790002741221089100"
"Morocco","2020-05-15","6652","190","36910558","0.01802194374845267800"
"Morocco","2020-05-16","6741","192","36910558","0.01826306716901976900"
"Morocco","2020-05-17","6870","192","36910558","0.01861256066624622700"
"Morocco","2020-05-18","6952","192","36910558","0.01883471932339792900"
"Morocco","2020-05-19","7023","193","36910558","0.01902707620946830400"
"Morocco","2020-05-20","7133","194","36910558","0.01932509392028156300"
"Morocco","2020-05-21","7211","196","36910558","0.01953641556976732800"
"Morocco","2020-05-22","7332","197","36910558","0.01986423505166191200"
"Morocco","2020-05-23","7406","198","36910558","0.02006471969348174000"
"Morocco","2020-05-24","7433","199","36910558","0.02013786949522681300"
"Morocco","2020-05-25","7532","200","36910558","0.02040608543495874500"
"Morocco","2020-05-26","7577","202","36910558","0.02052800177120053300"
"Morocco","2020-05-27","7601","202","36910558","0.02059302381719615300"
"Morocco","2020-05-28","7643","202","36910558","0.02070681239768848800"
"Morocco","2020-05-29","7714","202","36910558","0.02089916928375886400"
"Morocco","2020-05-30","7780","204","36910558","0.02107797991024681900"
"Morocco","2020-05-31","7807","205","36910558","0.02115112971199189100"
"Morocco","2020-06-01","7833","205","36910558","0.02122157026182048000"
"Morocco","2020-06-02","7866","206","36910558","0.02131097557506445700"
"Morocco","2020-06-03","7922","206","36910558","0.02146269368238757100"
"Morocco","2020-06-04","8003","208","36910558","0.02168214308762278800"
"Morocco","2020-06-05","8071","208","36910558","0.02186637221794371100"
"Morocco","2020-06-06","8151","208","36910558","0.02208311237126244500"
"Morocco","2020-06-07","8224","208","36910558","0.02228088776116578900"
"Morocco","2020-06-08","8302","208","36910558","0.02249220941065155400"
"Morocco","2020-06-09","8437","210","36910558","0.02285795841937691600"
"Morocco","2020-06-10","8508","211","36910558","0.02305031530544729200"
"Morocco","2020-06-11","8537","211","36910558","0.02312888361102533300"
"Morocco","2020-06-12","8610","212","36910558","0.02332665900092867700"
"Morocco","2020-06-13","8692","212","36910558","0.02354881765808037900"
"Morocco","2020-06-14","8793","212","36910558","0.02382245210164528000"
"Morocco","2020-06-15","8885","212","36910558","0.02407170327796182300"
"Morocco","2020-06-16","8931","212","36910558","0.02419632886612009500"
"Morocco","2020-06-17","8997","213","36910558","0.02437513949260805000"
"Morocco","2020-06-18","9074","213","36910558","0.02458375189017733100"
"Morocco","2020-06-19","9613","213","36910558","0.02604403867316229700"
"Morocco","2020-06-20","9839","213","36910558","0.02665632960628771900"
"Morocco","2020-06-21","9977","214","36910558","0.02703020637076253400"
"Morocco","2020-06-22","10172","214","36910558","0.02755851049447694600"
"Morocco","2020-06-23","10344","214","36910558","0.02802450182411222300"
"Morocco","2020-06-24","10907","216","36910558","0.02954981065309280900"
"Morocco","2020-06-25","11338","217","36910558","0.03071749822909748500"
"Morocco","2020-06-26","11633","218","36910558","0.03151672754446031400"
"Morocco","2020-06-27","11877","220","36910558","0.03217778501208245100"
"Morocco","2020-06-28","12052","221","36910558","0.03265190409746718000"
"Morocco","2020-06-29","12290","225","36910558","0.03329670605359041200"
"Morocco","2020-06-30","12533","228","36910558","0.03395505426929606400"
"Morocco","2020-07-01","12636","228","36910558","0.03423410721669393300"
"Morocco","2020-07-02","12969","229","36910558","0.03513628810488316100"
"Morocco","2020-07-03","13288","230","36910558","0.03600053946624161000"
"Morocco","2020-07-04","13822","232","36910558","0.03744727998964415500"
"Morocco","2020-07-05","14215","235","36910558","0.03851201599282243300"
"Morocco","2020-07-06","14379","237","36910558","0.03895633330712583600"
"Morocco","2020-07-07","14607","240","36910558","0.03957404274408422700"
"Morocco","2020-07-08","14771","242","36910558","0.04001836005838763000"
"Morocco","2020-07-09","15079","242","36910558","0.04085280964866475300"
"Morocco","2020-07-10","15328","243","36910558","0.04152741337586931100"
"Morocco","2020-07-11","15542","245","36910558","0.04210719328599692300"
"Morocco","2020-07-12","15745","250","36910558","0.04265717142504320900"
"Morocco","2020-07-13","15936","255","36910558","0.04317463854109168400"
"Morocco","2020-07-14","16097","257","36910558","0.04361082809964563500"
"Morocco","2020-07-15","16262","259","36910558","0.04405785466586552300"
"Morocco","2020-07-16","16545","263","36910558","0.04482457295823054200"
"Morocco","2020-07-17","16726","264","36910558","0.04531494755511417600"
"Morocco","2020-07-18","17015","269","36910558","0.04609792135897810100"
"Morocco","2020-07-19","17236","273","36910558","0.04669666603252110100"
"Morocco","2020-07-20","17562","276","36910558","0.04757988215729494000"
"Morocco","2020-07-21","17742","280","36910558","0.04806754750226209000"
"Morocco","2020-07-22","17962","285","36910558","0.04866358292388860700"
"Morocco","2020-07-23","18264","292","36910558","0.04948177700266682500"
"Morocco","2020-07-24","18834","299","36910558","0.05102605059506280000"
"Morocco","2020-07-25","19645","305","36910558","0.05322325389933146000"
"Morocco","2020-07-26","20278","313","36910558","0.05493821036246593700"
"Morocco","2020-07-27","20887","316","36910558","0.05658814477960479500"
"Morocco","2020-07-28","21387","327","36910558","0.05794277073784687800"
"Morocco","2020-07-29","22213","334","36910558","0.06018061282086280000"
"Morocco","2020-07-30","23259","346","36910558","0.06301449032550523900"
"Morocco","2020-07-31","24322","353","36910558","0.06589442511272790800"
"Morocco","2020-08-01","25015","367","36910558","0.06777193669085143600"
"Morocco","2020-08-02","25537","382","36910558","0.06918616619125617100"
"Morocco","2020-08-03","26196","401","36910558","0.07097156320421923700"
"Morocco","2020-08-04","27217","417","36910558","0.07373770941094957200"
"Morocco","2020-08-05","28500","435","36910558","0.07721367961979875800"
"Morocco","2020-08-06","29644","449","36910558","0.08031306381225664500"
"Morocco","2020-08-07","30662","461","36910558","0.08307108226323752700"
"Morocco","2020-08-08","32007","480","36910558","0.08671502609090873100"
"Morocco","2020-08-09","33237","498","36910558","0.09004740594818425700"
"Morocco","2020-08-10","34063","516","36910558","0.09228524803120017900"
"Morocco","2020-08-11","35195","533","36910558","0.09535212120066025600"
"Morocco","2020-08-12","36694","556","36910558","0.09941328982347002200"
"Morocco","2020-08-13","37935","584","36910558","0.10277547145182687300"
"Morocco","2020-08-14","39241","611","36910558","0.10631375445475519500"
"Morocco","2020-08-15","41017","632","36910558","0.11112538585843107500"
"Morocco","2020-08-16","42489","658","36910558","0.11511340467949576900"
"Morocco","2020-08-17","43558","681","36910558","0.11800959497821734400"
"Morocco","2020-08-18","44803","714","36910558","0.12138261361424013200"
"Morocco","2020-08-19","46313","743","36910558","0.12547358400813122400"
"Morocco","2020-08-20","47638","775","36910558","0.12906334279747274500"
"Morocco","2020-08-21","49247","817","36910558","0.13342252913109576900"
"Morocco","2020-08-22","50812","858","36910558","0.13766250838039349100"
"Morocco","2020-08-23","52349","888","36910558","0.14182662857602965500"
"Morocco","2020-08-24","53252","920","36910558","0.14427308305661485800"
"Morocco","2020-08-25","54528","955","36910558","0.14773008850204865500"
"Morocco","2020-08-26","55864","984","36910558","0.15134964906247150200"
"Morocco","2020-08-27","57085","1011","36910558","0.15465764565249867000"
"Morocco","2020-08-28","58489","1052","36910558","0.15846143534324244000"
"Morocco","2020-08-29","60056","1078","36910558","0.16270683309637313000"
"Morocco","2020-08-30","61399","1111","36910558","0.16634535842021136600"
"Morocco","2020-08-31","62590","1141","36910558","0.16957207745274400900"
"Morocco","2020-09-01","63781","1184","36910558","0.17279879648527665200"
"Morocco","2020-09-02","65453","1216","36910558","0.17732866568963817900"
"Morocco","2020-09-03","66855","1253","36910558","0.18112703687654898100"
"Morocco","2020-09-04","68605","1292","36910558","0.18586822773039627300"
"Morocco","2020-09-05","70160","1329","36910558","0.19008111446052915300"
"Morocco","2020-09-06","72394","1361","36910558","0.19613358324195478200"
"Morocco","2020-09-07","73780","1394","36910558","0.19988860639820183700"
"Morocco","2020-09-08","75721","1427","36910558","0.20514726436809760500"
"Morocco","2020-09-09","77878","1453","36910558","0.21099112075195395300"
"Morocco","2020-09-10","79767","1491","36910558","0.21610889762219254400"
"Morocco","2020-09-11","82197","1524","36910558","0.22269237977924907000"
"Morocco","2020-09-12","84435","1553","36910558","0.22875568556834063600"
"Morocco","2020-09-13","86686","1578","36910558","0.23485421163234649600"
"Morocco","2020-09-14","88203","1614","36910558","0.23896414678965297700"
"Morocco","2020-09-15","90324","1648","36910558","0.24471047010451589500"
"Morocco","2020-09-16","92016","1686","36910558","0.24929452434720710500"
"Morocco","2020-09-17","94504","1714","36910558","0.25603514311541971300"
"Morocco","2020-09-18","97264","1755","36910558","0.26351267840491601300"
"Morocco","2020-09-19","99816","1795","36910558","0.27042668929578360700"
"Morocco","2020-09-20","101743","1830","36910558","0.27564741773884859700"
"Morocco","2020-09-21","103119","1855","36910558","0.27937534837593081100"
"Morocco","2020-09-22","105346","1889","36910558","0.28540885239394105100"
"Morocco","2020-09-23","107743","1918","36910558","0.29190292923775359900"
"Morocco","2020-09-24","110099","1956","36910558","0.29828592675299029600"
"Morocco","2020-09-25","112522","1998","36910558","0.30485044414663143300"
"Morocco","2020-09-26","115241","2041","36910558","0.31221690010755188300"
"Morocco","2020-09-27","117685","2069","36910558","0.31883831179143918700"
"Morocco","2020-09-28","119107","2113","36910558","0.32269086801667967200"
"Morocco","2020-09-29","121183","2152","36910558","0.32831527499530080300"
"Morocco","2020-09-30","123653","2194","36910558","0.33500712722901669500"
"Morocco","2020-10-01","126044","2229","36910558","0.34148494856133033800"
"Morocco","2020-10-02","128565","2263","36910558","0.34831497264278692300"
"Morocco","2020-10-03","131228","2293","36910558","0.35552971049638425900"
"Morocco","2020-10-04","133272","2330","36910558","0.36106742141367789700"
"Morocco","2020-10-05","134695","2369","36910558","0.36492268689083486600"
"Morocco","2020-10-06","137248","2410","36910558","0.37183940703361894400"
"Morocco","2020-10-07","140024","2439","36910558","0.37936029035377899200"
"Morocco","2020-10-08","142953","2486","36910558","0.38729568921716111700"
"Morocco","2020-10-09","146398","2530","36910558","0.39662906206944907200"
"Morocco","2020-10-10","149841","2572","36910558","0.40595701641790405900"
"Morocco","2020-10-11","152404","2605","36910558","0.41290082907985297900"
"Morocco","2020-10-12","153761","2636","36910558","0.41657728393052199300"
"Morocco","2020-10-13","156946","2685","36910558","0.42520625128452406500"
"Morocco","2020-10-14","160333","2726","36910558","0.43438248752565593800"
"Morocco","2020-10-15","163650","2772","36910558","0.44336907613263392000"
"Morocco","2020-10-16","167148","2818","36910558","0.45284603933649553600"
"Morocco","2020-10-17","170911","2878","36910558","0.46304095429822545600"
"Morocco","2020-10-18","173632","2928","36910558","0.47041282876297887400"
"Morocco","2020-10-19","175749","2976","36910558","0.47614831507017585600"
"Morocco","2020-10-20","179003","3027","36910558","0.48496422080641533500"
"Morocco","2020-10-21","182580","3079","36910558","0.49465521491167920000"
"Morocco","2020-10-22","186731","3132","36910558","0.50590131961700497700"
"Morocco","2020-10-23","190416","3205","36910558","0.51588491292924913200"
"Morocco","2020-10-24","194461","3255","36910558","0.52684383693142758800"
"Morocco","2020-10-25","197481","3301","36910558","0.53502577771920977200"
"Morocco","2020-10-26","199745","3373","36910558","0.54115952405812992600"
"Morocco","2020-10-27","203733","3445","36910558","0.55196402070106878400"
"Morocco","2020-10-28","207718","3506","36910558","0.56276038958825818900"
"Morocco","2020-10-29","212038","3572","36910558","0.57446435786746979000"
"Morocco","2020-10-30","215294","3625","36910558","0.58328568210754223800"
"Morocco","2020-10-31","219084","3695","36910558","0.59355374687101723000"
"Morocco","2020-11-01","222544","3762","36910558","0.60292775850205244800"
"Morocco","2020-11-02","225070","3826","36910558","0.60977132884309145400"
"Morocco","2020-11-03","229565","3900","36910558","0.62194941620768778400"
"Morocco","2020-11-04","235310","3982","36910558","0.63751406846788932300"
"Morocco","2020-11-05","240951","4059","36910558","0.65279695852877650900"
"Morocco","2020-11-06","246349","4127","36910558","0.66742150037395804200"
"Morocco","2020-11-07","252185","4197","36910558","0.68323269455855964000"
"Morocco","2020-11-08","256781","4272","36910558","0.69568441636672087200"
"Morocco","2020-11-09","259951","4356","36910558","0.70427274494197568100"
"Morocco","2020-11-10","265165","4425","36910558","0.71839878443452412700"
"Morocco","2020-11-11","270626","4506","36910558","0.73319400915044416300"
"Morocco","2020-11-12","276821","4570","36910558","0.74997782477306357700"
"Morocco","2020-11-13","282336","4631","36910558","0.76491934909247375800"
"Morocco","2020-11-14","288211","4697","36910558","0.78083620410181823900"
"Morocco","2020-11-15","293177","4779","36910558","0.79429034911907861200"
"Morocco","2020-11-16","296189","4850","36910558","0.80245061589152892200"
"Morocco","2020-11-17","301604","4932","36910558","0.81712121501929068600"
"Morocco","2020-11-18","306995","5013","36910558","0.83172679210105683000"
"Morocco","2020-11-19","311554","5090","36910558","0.84407827158830814700"
"Morocco","2020-11-20","316260","5182","36910558","0.85682801110728263700"
"Morocco","2020-11-21","320962","5256","36910558","0.86956691361859119000"
"Morocco","2020-11-22","324941","5316","36910558","0.88034702699428169000"
"Morocco","2020-11-23","327528","5396","36910558","0.88735586170222623000"
"Morocco","2020-11-24","331527","5469","36910558","0.89819016011624641400"
"Morocco","2020-11-25","336506","5539","36910558","0.91167952540842108100"
"Morocco","2020-11-26","340684","5619","36910558","0.92299877991549193100"
"Morocco","2020-11-27","345276","5689","36910558","0.93543966471598722500"
"Morocco","2020-11-28","349688","5739","36910558","0.94739288417151537000"
"Morocco","2020-11-29","353803","5789","36910558","0.95854145580784771700"
"Morocco","2020-11-30","356336","5846","36910558","0.96540399091230211100"
"Morocco","2020-12-01","359844","5915","36910558","0.97490804663532856900"
"Morocco","2020-12-02","364190","5985","36910558","0.98668245546436875900"
"Morocco","2020-12-03","368624","6063","36910558","0.99869527846205955500"
"Morocco","2020-12-04","372620","6136","36910558","1.00952144912033028600"
"Morocco","2020-12-05","376738","6184","36910558","1.02067814851241208500"
"Morocco","2020-12-06","379657","6245","36910558","1.02858645485662936900"
"Morocco","2020-12-07","381188","6320","36910558","1.03273431954076662800"
"Morocco","2020-12-08","384088","6370","36910558","1.04059115009857071200"
"Morocco","2020-12-09","388184","6427","36910558","1.05168824594848986000"
"Morocco","2020-12-10","391529","6492","36910558","1.06075069360912939900"
"Morocco","2020-12-11","394564","6542","36910558","1.06897327317565884500"
"Morocco","2020-12-12","397597","6589","36910558","1.07719043423835532400"
"Morocco","2020-12-13","399609","6624","36910558","1.08264144909432146800"
"Morocco","2020-12-14","400826","6659","36910558","1.08593860867668269900"
"Morocco","2020-12-15","403619","6711","36910558","1.09350554927942297700"
"Morocco","2020-12-16","406970","6749","36910558","1.10258425245156142000"
"Morocco","2020-12-17","409746","6804","36910558","1.11010513577172146800"
"Morocco","2020-12-18","412393","6854","36910558","1.11727652559465505800"
"Morocco","2020-12-19","415226","6909","36910558","1.12495183627405470300"
"Morocco","2020-12-20","417125","6957","36910558","1.13009670566345813600"
"Morocco","2020-12-21","418002","7000","36910558","1.13247271959421475000"
"Morocco","2020-12-22","420648","7030","36910558","1.13964140016523185600"
"Morocco","2020-12-23","423214","7086","36910558","1.14659334058293022800"
"Morocco","2020-12-24","425864","7130","36910558","1.15377285816161327100"
"Morocco","2020-12-25","428193","7170","36910558","1.16008270587510489500"
"Morocco","2020-12-26","430562","7204","36910558","1.16650092366525588700"
"Morocco","2020-12-27","432079","7240","36910558","1.17061085882256236800"
"Morocco","2020-12-28","433029","7272","36910558","1.17318464814322232700"
"Morocco","2020-12-29","435189","7314","36910558","1.17903663228282812700"
"Morocco","2020-12-30","437332","7355","36910558","1.18484255913985369700"
"Morocco","2020-12-31","439193","7388","36910558","1.18988447695643073200"
"Morocco","2021-01-01","440970","7425","36910558","1.19469881761202309600"
"Morocco","2021-01-02","442141","7452","36910558","1.19787135160622605600"
"Morocco","2021-01-03","443146","7485","36910558","1.20059414978229264400"
"Morocco","2021-01-04","443802","7538","36910558","1.20237141903950625700"
"Morocco","2021-01-05","445439","7581","36910558","1.20680646442679083900"
"Morocco","2021-01-06","447081","7618","36910558","1.21125505607365784100"
"Morocco","2021-01-07","448678","7645","36910558","1.21558173138428305500"
"Morocco","2021-01-08","450221","7685","36910558","1.21976210709141812500"
"Morocco","2021-01-09","451637","7709","36910558","1.22359840780515970500"
"Morocco","2021-01-10","452532","7743","36910558","1.22602318827041303500"
"Morocco","2021-01-11","452988","7767","36910558","1.22725860714432981500"
"Morocco","2021-01-12","453789","7784","36910558","1.22942871792943363300"
"Morocco","2021-01-13","455055","7810","36910558","1.23285863085570258800"
"Morocco","2021-01-14","456334","7854","36910558","1.23632376405688583700"
"Morocco","2021-01-15","457625","7888","36910558","1.23982140828106689700"
"Morocco","2021-01-16","458865","7911","36910558","1.24318088065750726400"
"Morocco","2021-01-17","459671","7942","36910558","1.24536453770219350200"
"Morocco","2021-01-18","460144","7977","36910558","1.24664601385869051300"
"Morocco","2021-01-19","461390","8011","36910558","1.25002174174662978500"
"Morocco","2021-01-20","462542","8043","36910558","1.25314279995441954600"
"Morocco","2021-01-21","463706","8076","36910558","1.25629636918520711600"
"Morocco","2021-01-22","464844","8105","36910558","1.25937949786616609800"
"Morocco","2021-01-23","465769","8128","36910558","1.26188555588891395200"
"Morocco","2021-01-24","466289","8150","36910558","1.26329436688548571900"
"Morocco","2021-01-25","466626","8172","36910558","1.26420738478134088400"
"Morocco","2021-01-26","467493","8187","36910558","1.26655630619293265600"
"Morocco","2021-01-27","468383","8207","36910558","1.26896754039860356500"
"Morocco","2021-01-28","469139","8224","36910558","1.27101573484746559500"
"Morocco","2021-01-29","469990","8246","36910558","1.27332130822839362100"
"Morocco","2021-01-30","470691","8259","36910558","1.27522049382184902200"
"Morocco","2021-01-31","471157","8275","36910558","1.27648300521493064400"
"Morocco","2021-02-01","471438","8287","36910558","1.27724430500346269500"
"Morocco","2021-02-02","472273","8309","36910558","1.27950653035372697400"
"Morocco","2021-02-03","473047","8323","36910558","1.28160349133708571900"
"Morocco","2021-02-04","473667","8351","36910558","1.28328322752530590300"
"Morocco","2021-02-05","474379","8368","36910558","1.28521221488984263000"
"Morocco","2021-02-06","474966","8381","36910558","1.28680254576481883600"
"Morocco","2021-02-07","475355","8394","36910558","1.28785644476033117700"
"Morocco","2021-02-08","475589","8408","36910558","1.28849040970878847200"
"Morocco","2021-02-09","476125","8424","36910558","1.28994256873602398500"
"Morocco","2021-02-10","476689","8436","36910558","1.29147058681692105500"
"Morocco","2021-02-11","477160","8440","36910558","1.29274664446958509800"
"Morocco","2021-02-12","477656","8450","36910558","1.29409043342016124500"
"Morocco","2021-02-13","478135","8460","36910558","1.29538816508815716100"
"Morocco","2021-02-14","478474","8477","36910558","1.29630660148784529300"
"Morocco","2021-02-15","478595","8491","36910558","1.29663442096973987800"
"Morocco","2021-02-16","479071","8504","36910558","1.29792402488198634100"
"Morocco","2021-02-17","479579","8517","36910558","1.29930032485556029800"
"Morocco","2021-02-18","480056","8524","36910558","1.30059263801972324600"
"Morocco","2021-02-19","480504","8540","36910558","1.30180638287830815200"
"Morocco","2021-02-20","480948","8548","36910558","1.30300929072922712200"
"Morocco","2021-02-21","481155","8554","36910558","1.30357010587593934500"
"Morocco","2021-02-22","481263","8559","36910558","1.30386270508291963500"
"Morocco","2021-02-23","481709","8574","36910558","1.30507103143767157400"
"Morocco","2021-02-24","482128","8592","36910558","1.30620620799067843900"
"Morocco","2021-02-25","482514","8598","36910558","1.30725197923044132800"
"Morocco","2021-02-26","482994","8608","36910558","1.30855242015035372800"
"Morocco","2021-02-27","483410","8615","36910558","1.30967946894761114200"
"Morocco","2021-02-28","483654","8623","36910558","1.31034052641523327800"
"Morocco","2021-03-01","483766","8637","36910558","1.31064396262987950500"
"Morocco","2021-03-02","484159","8645","36910558","1.31170869863305778300"
"Morocco","2021-03-03","484753","8653","36910558","1.31331799427144937800"
"Morocco","2021-03-04","485147","8669","36910558","1.31438543952654413900"
"Morocco","2021-03-05","485567","8673","36910558","1.31552332533146749000"
"Morocco","2021-03-06","485974","8676","36910558","1.31662599086147654600"
"Morocco","2021-03-07","486223","8682","36910558","1.31730059458868110300"
"Morocco","2021-03-08","486325","8683","36910558","1.31757693828416248800"
"Morocco","2021-03-09","486833","8695","36910558","1.31895323825773644500"
"Morocco","2021-03-10","487286","8705","36910558","1.32018052937590377300"
"Morocco","2021-03-11","487750","8712","36910558","1.32143762226515242600"
"Morocco","2021-03-12","488181","8716","36910558","1.32260530984115710200"
"Morocco","2021-03-13","488632","8718","36910558","1.32382718245549146100"
"Morocco","2021-03-14","488937","8723","36910558","1.32465350429001913200"
"Morocco","2021-03-15","489096","8733","36910558","1.32508427534474011500"
"Morocco","2021-03-16","489622","8737","36910558","1.32650934185281078700"
"Morocco","2021-03-17","490088","8745","36910558","1.32777185324589240800"
"Morocco","2021-03-18","490575","8748","36910558","1.32909125892922019800"
"Morocco","2021-03-19","491019","8755","36910558","1.33029416678013916800"
"Morocco","2021-03-20","491463","8763","36910558","1.33149707463105813800"
"Morocco","2021-03-21","491709","8767","36910558","1.33216355060251324300"
"Morocco","2021-03-22","491834","8769","36910558","1.33250220709207376400"
"Morocco","2021-03-23","492403","8775","36910558","1.33404377143255325500"
"Morocco","2021-03-24","492842","8786","36910558","1.33523313302388980400"
"Morocco","2021-03-25","493353","8788","36910558","1.33661756075321321300"
"Morocco","2021-03-26","493867","8793","36910558","1.33801011623828607500"
"Morocco","2021-03-27","494358","8798","36910558","1.33934035892927980100"
"Morocco","2021-03-28","494659","8798","36910558","1.34015584375614153500"
"Morocco","2021-03-29","494756","8807","36910558","1.34041864119204050000"
"Morocco","2021-03-30","495421","8813","36910558","1.34222029371650247100"
"Morocco","2021-03-31","496097","8818","36910558","1.34405174801204576800"
"Morocco","2021-04-01","496676","8825","36910558","1.34562040487169010000"
"Morocco","2021-04-02","497257","8835","36910558","1.34719448023516740100"
"Morocco","2021-04-03","497832","8842","36910558","1.34875230008714579700"
"Morocco","2021-04-04","498197","8850","36910558","1.34974117703666251800"
"Morocco","2021-04-05","498329","8857","36910558","1.35009879828963842800"
"Morocco","2021-04-06","499025","8865","36910558","1.35198443762351140800"
"Morocco","2021-04-07","499688","8867","36910558","1.35378067164414041100"
"Morocco","2021-04-08","500323","8873","36910558","1.35550104661110785700"
"Morocco","2021-04-09","500948","8885","36910558","1.35719432905891046100"
"Morocco","2021-04-10","501688","8891","36910558","1.35919917547710874500"
"Morocco","2021-04-11","502102","8900","36910558","1.36032080577053319000"
"Morocco","2021-04-12","502277","8909","36910558","1.36079492485591791900"
"Morocco","2021-04-13","502961","8915","36910558","1.36264805316679308900"
"Morocco","2021-04-14","503664","8920","36910558","1.36455265726408145900"
"Morocco","2021-04-15","504260","8927","36910558","1.36616737140630602200"
"Morocco","2021-04-16","504847","8934","36910558","1.36775770228128222800"
"Morocco","2021-04-17","505447","8944","36910558","1.36938325343117272800"
"Morocco","2021-04-18","505811","8945","36910558","1.37036942112877296500"
"Morocco","2021-04-19","505949","8952","36910558","1.37074329789324778000"
"Morocco","2021-04-20","506669","8959","36910558","1.37269395927311638000"
"Morocco","2021-04-21","507338","8969","36910558","1.37450644880524428800"
"Morocco","2021-04-22","507938","8976","36910558","1.37613199995513478800"
"Morocco","2021-04-23","508530","8983","36910558","1.37773587708969341500"
"Morocco","2021-04-24","509037","8988","36910558","1.37910946781135088800"
"Morocco","2021-04-25","509363","8992","36910558","1.37999268393612472600"
"Morocco","2021-04-26","509465","8999","36910558","1.38026902763160611100"
"Morocco","2021-04-27","509972","9005","36910558","1.38164261835326358400"
"Morocco","2021-04-28","510465","9015","36910558","1.38297827954809027800"
"Morocco","2021-04-29","510886","9020","36910558","1.38411887460493011200"
"Morocco","2021-04-30","511249","9023","36910558","1.38510233305061386500"
